Dates,Batch_ID,Machine_ID,Shift,Operator,Planned_Production_Time,Run_Time,Ideal_Cycle_Time,Total_Count,Good_Count,Downtime_Reason,Temperature_C,Pressure_Bar
2025-07-01,BATCH0188,M01,A,OP010,480,395,50,610,585,Power Failure,34.62,2.4
2025-07-01,BATCH0163,M01,B,OP008,480,417,50,468,468,None,26.24,2.93
2025-07-01,BATCH0146,M01,C,OP008,480,402,45,561,548,Material Shortage,31.98,1.56
2025-07-01,BATCH0171,M02,A,OP010,480,449,45,574,546,Maintenance,23.09,2.8
2025-07-01,BATCH0111,M02,B,OP009,480,405,45,581,571,None,32.65,2.55
2025-07-01,BATCH0142,M02,C,OP010,480,416,40,477,427,Power Failure,28.54,2.37
2025-07-01,BATCH0183,M03,A,OP009,480,432,50,668,619,Material Shortage,28.24,1.69
2025-07-01,BATCH0108,M03,B,OP007,480,439,60,473,463,Maintenance,24.49,2.52
2025-07-01,BATCH0152,M03,C,OP009,480,450,50,673,629,Maintenance,27.73,2.96
2025-07-01,BATCH0184,M04,A,OP003,480,390,50,607,568,Material Shortage,29.33,2.63
2025-07-01,BATCH0138,M04,B,OP007,480,395,60,643,633,Material Shortage,22.14,1.09
2025-07-01,BATCH0178,M04,C,OP007,480,438,50,510,499,Material Shortage,22.67,2.8
2025-07-01,BATCH0164,M05,A,OP006,480,423,45,557,556,Material Shortage,25.89,1.63
2025-07-01,BATCH0115,M05,B,OP008,480,443,40,627,585,Material Shortage,27.54,2.2
2025-07-01,BATCH0179,M05,C,OP007,480,410,45,647,635,Maintenance,26.86,1.52
2025-07-02,BATCH0129,M01,A,OP010,480,402,50,681,681,Power Failure,22,2.31
2025-07-02,BATCH0160,M01,B,OP010,480,420,50,423,388,Machine Breakdown,25.62,2.86
2025-07-02,BATCH0159,M01,C,OP003,480,439,40,667,667,Changeover,32.24,2.14
2025-07-02,BATCH0116,M02,A,OP006,480,420,60,515,465,Changeover,27.38,2.36
2025-07-02,BATCH0115,M02,B,OP010,480,440,60,636,624,Changeover,32.19,2.18
2025-07-02,BATCH0178,M02,C,OP010,480,411,50,581,554,Power Failure,27.67,2.21
2025-07-02,BATCH0131,M03,A,OP002,480,397,45,477,472,Machine Breakdown,23.17,2.51
2025-07-02,BATCH0170,M03,B,OP004,480,446,50,464,452,None,29.67,1.89
2025-07-02,BATCH0105,M03,C,OP010,480,438,60,409,392,Maintenance,22.27,1.26
2025-07-02,BATCH0151,M04,A,OP005,480,397,40,400,392,Power Failure,23.82,2.11
2025-07-02,BATCH0167,M04,B,OP005,480,393,50,657,657,Changeover,24.9,2.36
2025-07-02,BATCH0184,M04,C,OP004,480,449,45,620,581,Power Failure,27.08,2.52
2025-07-02,BATCH0107,M05,A,OP010,480,471,60,407,381,Maintenance,27.05,2.16
2025-07-02,BATCH0180,M05,B,OP006,480,410,50,630,625,Changeover,30.19,2.03
2025-07-02,BATCH0113,M05,C,OP005,480,467,50,686,642,Changeover,32.06,2.84
2025-07-03,BATCH0128,M01,A,OP010,480,471,40,511,506,None,34.42,2.24
2025-07-03,BATCH0175,M01,B,OP003,480,474,40,536,528,Changeover,30.45,2.11
2025-07-03,BATCH0137,M01,C,OP008,480,412,50,632,589,Changeover,26.4,2.25
2025-07-03,BATCH0105,M02,A,OP004,480,446,60,541,528,Machine Breakdown,22.52,1.04
2025-07-03,BATCH0129,M02,B,OP002,480,425,40,498,479,Material Shortage,29.56,1.66
2025-07-03,BATCH0143,M02,C,OP003,480,415,40,457,433,Changeover,31.8,2.44
2025-07-03,BATCH0187,M03,A,OP008,480,399,40,421,392,Changeover,25.62,2.51
2025-07-03,BATCH0119,M03,B,OP002,480,444,40,465,437,Changeover,31.6,1.06
2025-07-03,BATCH0127,M03,C,OP003,480,475,60,585,547,Power Failure,24.36,1.95
2025-07-03,BATCH0165,M04,A,OP002,480,393,45,669,647,Power Failure,22.76,2.26
2025-07-03,BATCH0142,M04,B,OP001,480,443,50,683,666,Changeover,23.39,2.79
2025-07-03,BATCH0175,M04,C,OP010,480,398,60,588,586,Maintenance,32.43,1.79
2025-07-03,BATCH0122,M05,A,OP005,480,462,60,659,656,Maintenance,31.18,2.57
2025-07-03,BATCH0170,M05,B,OP004,480,461,40,621,612,Maintenance,31.42,1.32
2025-07-03,BATCH0163,M05,C,OP005,480,472,40,603,554,Machine Breakdown,24.17,2.14
2025-07-04,BATCH0129,M01,A,OP001,480,409,50,559,523,Maintenance,22.12,2.77
2025-07-04,BATCH0175,M01,B,OP001,480,471,60,551,514,Power Failure,34.98,1.12
2025-07-04,BATCH0129,M01,C,OP009,480,460,40,425,394,Power Failure,27.54,1.86
2025-07-04,BATCH0122,M02,A,OP003,480,468,50,682,647,Machine Breakdown,28.21,2.18
2025-07-04,BATCH0102,M02,B,OP008,480,392,40,614,588,Maintenance,24.64,1.89
2025-07-04,BATCH0141,M02,C,OP003,480,396,50,618,580,Material Shortage,24.14,2.52
2025-07-04,BATCH0150,M03,A,OP002,480,408,45,613,603,Power Failure,33.25,2.2
2025-07-04,BATCH0160,M03,B,OP007,480,453,45,534,519,Material Shortage,33.97,2.9
2025-07-04,BATCH0159,M03,C,OP010,480,436,60,647,639,Material Shortage,24.72,1.39
2025-07-04,BATCH0132,M04,A,OP003,480,411,60,673,670,Changeover,28.89,2.5
2025-07-04,BATCH0122,M04,B,OP003,480,407,45,485,443,None,34.91,1.27
2025-07-04,BATCH0161,M04,C,OP008,480,462,50,436,402,Changeover,22.12,1.25
2025-07-04,BATCH0104,M05,A,OP004,480,402,45,549,510,Material Shortage,23.52,1.4
2025-07-04,BATCH0187,M05,B,OP005,480,474,60,411,394,None,26.36,2.71
2025-07-04,BATCH0167,M05,C,OP006,480,455,60,668,632,Material Shortage,28.25,1.76
2025-07-05,BATCH0107,M01,A,OP009,480,400,45,471,458,Changeover,25.72,1.21
2025-07-05,BATCH0135,M01,B,OP002,480,391,60,516,514,Power Failure,28.06,1.63
2025-07-05,BATCH0176,M01,C,OP002,480,459,40,522,517,Machine Breakdown,31.75,2.5
2025-07-05,BATCH0133,M02,A,OP001,480,418,40,680,636,Power Failure,30.13,1.23
2025-07-05,BATCH0148,M02,B,OP001,480,441,45,594,555,Changeover,23.06,1.88
2025-07-05,BATCH0133,M02,C,OP003,480,427,60,667,623,Changeover,28.31,2.82
2025-07-05,BATCH0196,M03,A,OP010,480,435,45,637,623,Power Failure,26.35,1.12
2025-07-05,BATCH0198,M03,B,OP004,480,425,60,565,519,Changeover,29.28,2.13
2025-07-05,BATCH0144,M03,C,OP006,480,448,40,442,414,Material Shortage,25.06,2.4
2025-07-05,BATCH0183,M04,A,OP006,480,451,40,633,615,Maintenance,29.45,1.43
2025-07-05,BATCH0182,M04,B,OP007,480,435,45,625,613,Material Shortage,29.81,1.94
2025-07-05,BATCH0158,M04,C,OP003,480,461,60,452,446,Changeover,32.28,1.24
2025-07-05,BATCH0103,M05,A,OP001,480,392,45,461,452,Changeover,28.96,2.45
2025-07-05,BATCH0113,M05,B,OP002,480,401,40,497,481,Changeover,30.63,2.49
2025-07-05,BATCH0147,M05,C,OP008,480,415,45,421,394,Material Shortage,34.92,1.87
2025-07-06,BATCH0136,M01,A,OP001,480,416,45,634,596,Changeover,22.24,1.79
2025-07-06,BATCH0136,M01,B,OP007,480,411,60,671,625,Power Failure,29.64,1.89
2025-07-06,BATCH0119,M01,C,OP002,480,450,60,450,411,Maintenance,27.55,1.21
2025-07-06,BATCH0139,M02,A,OP008,480,418,60,520,502,Machine Breakdown,30.03,1
2025-07-06,BATCH0120,M02,B,OP009,480,441,50,560,513,Power Failure,29.78,2.76
2025-07-06,BATCH0199,M02,C,OP003,480,461,45,445,415,Material Shortage,28.32,1.72
2025-07-06,BATCH0166,M03,A,OP001,480,397,40,582,556,Material Shortage,24.86,2.13
2025-07-06,BATCH0176,M03,B,OP009,480,413,50,696,686,Power Failure,26.13,1.74
2025-07-06,BATCH0195,M03,C,OP002,480,467,40,454,421,None,26.54,1.24
2025-07-06,BATCH0176,M04,A,OP005,480,417,60,573,523,Changeover,27.39,1.14
2025-07-06,BATCH0137,M04,B,OP004,480,474,50,479,454,Power Failure,33.66,2.26
2025-07-06,BATCH0131,M04,C,OP005,480,426,50,570,559,Maintenance,26.11,2.74
2025-07-06,BATCH0197,M05,A,OP005,480,439,45,418,394,Machine Breakdown,34.04,1.14
2025-07-06,BATCH0138,M05,B,OP006,480,403,60,422,421,Changeover,23.3,1.71
2025-07-06,BATCH0161,M05,C,OP002,480,423,45,657,646,Machine Breakdown,23.37,2.03
2025-07-07,BATCH0121,M01,A,OP003,480,468,50,657,634,Material Shortage,34.36,2.16
2025-07-07,BATCH0197,M01,B,OP009,480,448,40,498,498,Machine Breakdown,24.15,2.36
2025-07-07,BATCH0183,M01,C,OP004,480,436,45,448,421,Material Shortage,29.75,2.98
2025-07-07,BATCH0150,M02,A,OP006,480,418,40,464,445,Changeover,34.35,2.11
2025-07-07,BATCH0188,M02,B,OP002,480,453,60,678,673,Power Failure,22.33,1.38
2025-07-07,BATCH0103,M02,C,OP004,480,399,60,662,628,Material Shortage,32.42,1.05
2025-07-07,BATCH0199,M03,A,OP005,480,411,40,445,435,Changeover,33.55,1.97
2025-07-07,BATCH0129,M03,B,OP001,480,421,45,444,424,None,33.13,2.99
2025-07-07,BATCH0193,M03,C,OP006,480,424,45,664,650,Power Failure,32.32,2.98
2025-07-07,BATCH0148,M04,A,OP009,480,411,60,642,606,Changeover,23.95,1.76
2025-07-07,BATCH0177,M04,B,OP010,480,451,50,663,661,Power Failure,29.28,2.38
2025-07-07,BATCH0141,M04,C,OP006,480,472,45,495,452,Maintenance,32.84,1.82
2025-07-07,BATCH0196,M05,A,OP002,480,436,60,602,592,Power Failure,23.93,1.34
2025-07-07,BATCH0180,M05,B,OP001,480,409,60,645,601,None,28.34,1.43
2025-07-07,BATCH0137,M05,C,OP005,480,460,40,677,664,Maintenance,25.67,1.61
2025-07-08,BATCH0179,M01,A,OP007,480,407,40,506,499,Machine Breakdown,28.88,1.6
2025-07-08,BATCH0145,M01,B,OP009,480,405,40,565,541,Machine Breakdown,31.29,1.55
2025-07-08,BATCH0116,M01,C,OP002,480,427,60,588,578,Material Shortage,23.23,2.26
2025-07-08,BATCH0196,M02,A,OP006,480,424,45,562,549,Changeover,34.7,1.15
2025-07-08,BATCH0131,M02,B,OP005,480,447,60,443,407,Power Failure,34.92,1.03
2025-07-08,BATCH0148,M02,C,OP009,480,471,45,657,619,Machine Breakdown,30.4,2.32
2025-07-08,BATCH0148,M03,A,OP003,480,440,50,676,648,Power Failure,24.96,1.87
2025-07-08,BATCH0163,M03,B,OP004,480,421,40,601,554,Material Shortage,22.84,2.7
2025-07-08,BATCH0182,M03,C,OP006,480,418,50,681,666,Power Failure,24.36,1.85
2025-07-08,BATCH0140,M04,A,OP009,480,406,50,403,363,Maintenance,27.83,1.69
2025-07-08,BATCH0122,M04,B,OP010,480,434,45,455,430,Maintenance,34.22,2.07
2025-07-08,BATCH0153,M04,C,OP006,480,458,40,598,589,Power Failure,24.88,1.88
2025-07-08,BATCH0198,M05,A,OP003,480,409,45,431,393,Changeover,25.9,1.3
2025-07-08,BATCH0125,M05,B,OP009,480,393,40,690,648,Maintenance,34.76,1.38
2025-07-08,BATCH0127,M05,C,OP001,480,412,40,587,554,Changeover,31.89,1.97
2025-07-09,BATCH0150,M01,A,OP009,480,438,50,617,573,Power Failure,33.04,2.71
2025-07-09,BATCH0168,M01,B,OP004,480,474,60,402,362,Changeover,27.21,2.06
2025-07-09,BATCH0157,M01,C,OP005,480,435,60,409,374,None,29.39,1.51
2025-07-09,BATCH0196,M02,A,OP001,480,421,45,631,609,Power Failure,23.59,2.43
2025-07-09,BATCH0198,M02,B,OP002,480,427,45,683,672,Power Failure,24.41,2.35
2025-07-09,BATCH0147,M02,C,OP004,480,467,60,515,484,Material Shortage,31.46,2.45
2025-07-09,BATCH0192,M03,A,OP010,480,472,50,400,368,Changeover,33.86,2.11
2025-07-09,BATCH0193,M03,B,OP004,480,402,40,450,427,Material Shortage,27.86,1.45
2025-07-09,BATCH0107,M03,C,OP005,480,434,60,631,591,Maintenance,22.73,2.82
2025-07-09,BATCH0113,M04,A,OP010,480,412,50,538,518,None,32.68,1.96
2025-07-09,BATCH0177,M04,B,OP009,480,390,50,495,450,Maintenance,34.27,1.67
2025-07-09,BATCH0106,M04,C,OP004,480,453,40,539,509,None,23.82,1.9
2025-07-09,BATCH0138,M05,A,OP003,480,440,50,618,611,Changeover,34.2,2.27
2025-07-09,BATCH0177,M05,B,OP001,480,435,60,581,552,None,22.78,2.03
2025-07-09,BATCH0128,M05,C,OP006,480,460,50,678,659,Power Failure,29.3,1.48
2025-07-10,BATCH0113,M01,A,OP001,480,408,40,692,650,Changeover,25.52,1.69
2025-07-10,BATCH0187,M01,B,OP008,480,472,60,472,472,Machine Breakdown,34.56,1.9
2025-07-10,BATCH0199,M01,C,OP009,480,475,50,536,495,Power Failure,26.84,2.27
2025-07-10,BATCH0120,M02,A,OP003,480,458,60,452,423,Changeover,28.92,2.82
2025-07-10,BATCH0115,M02,B,OP005,480,465,60,661,642,Power Failure,22.22,1.66
2025-07-10,BATCH0173,M02,C,OP002,480,460,45,480,471,Maintenance,33.63,2.62
2025-07-10,BATCH0156,M03,A,OP003,480,394,45,552,526,Material Shortage,29.71,2.14
2025-07-10,BATCH0169,M03,B,OP004,480,424,40,513,502,Power Failure,23.58,2.17
2025-07-10,BATCH0143,M03,C,OP006,480,398,60,690,687,Machine Breakdown,32.41,2.33
2025-07-10,BATCH0115,M04,A,OP005,480,469,50,628,580,Changeover,31.35,2.18
2025-07-10,BATCH0157,M04,B,OP002,480,394,40,641,616,Material Shortage,25.8,2.23
2025-07-10,BATCH0124,M04,C,OP004,480,406,60,498,458,Material Shortage,32.66,1.59
2025-07-10,BATCH0188,M05,A,OP002,480,404,40,480,461,Material Shortage,22.36,1.29
2025-07-10,BATCH0175,M05,B,OP001,480,459,40,481,453,Machine Breakdown,27.2,2.16
2025-07-10,BATCH0198,M05,C,OP004,480,402,50,638,599,Changeover,27.5,1.74
2025-07-11,BATCH0127,M01,A,OP009,480,415,60,601,596,None,27.79,1.98
2025-07-11,BATCH0176,M01,B,OP010,480,398,60,641,639,Changeover,27.64,2.52
2025-07-11,BATCH0129,M01,C,OP001,480,401,40,567,532,Power Failure,22.08,2.43
2025-07-11,BATCH0101,M02,A,OP006,480,436,45,668,643,Maintenance,23.05,1.87
2025-07-11,BATCH0139,M02,B,OP004,480,453,45,682,650,Changeover,34.77,2.09
2025-07-11,BATCH0121,M02,C,OP009,480,423,60,619,585,Changeover,24.25,1.69
2025-07-11,BATCH0138,M03,A,OP001,480,468,50,640,633,Changeover,24.98,2.27
2025-07-11,BATCH0149,M03,B,OP006,480,452,50,568,544,Maintenance,31.06,2.73
2025-07-11,BATCH0134,M03,C,OP006,480,439,50,560,559,Machine Breakdown,23.54,2.98
2025-07-11,BATCH0174,M04,A,OP006,480,411,50,621,619,Material Shortage,26.59,1.27
2025-07-11,BATCH0114,M04,B,OP010,480,394,50,683,638,Maintenance,34.82,2.08
2025-07-11,BATCH0155,M04,C,OP010,480,462,50,632,590,Machine Breakdown,33.22,2.4
2025-07-11,BATCH0130,M05,A,OP006,480,410,60,482,465,Material Shortage,24.58,1.68
2025-07-11,BATCH0163,M05,B,OP003,480,395,45,631,607,Power Failure,26.43,2.82
2025-07-11,BATCH0105,M05,C,OP010,480,466,50,533,516,Power Failure,31.54,2.96
2025-07-12,BATCH0196,M01,A,OP002,480,475,50,449,413,Changeover,22.09,1.77
2025-07-12,BATCH0182,M01,B,OP004,480,464,60,610,561,Material Shortage,29.93,1.45
2025-07-12,BATCH0106,M01,C,OP007,480,422,40,411,392,Power Failure,30.66,2.03
2025-07-12,BATCH0170,M02,A,OP002,480,392,50,645,628,Material Shortage,32.79,1.42
2025-07-12,BATCH0124,M02,B,OP008,480,434,60,416,410,Machine Breakdown,31.65,1.27
2025-07-12,BATCH0117,M02,C,OP007,480,443,60,521,484,None,29.17,1.56
2025-07-12,BATCH0123,M03,A,OP006,480,410,60,497,457,Changeover,30.26,2.34
2025-07-12,BATCH0103,M03,B,OP002,480,439,50,404,379,Machine Breakdown,27.66,2.43
2025-07-12,BATCH0133,M03,C,OP007,480,403,40,582,569,Machine Breakdown,22.8,2.71
2025-07-12,BATCH0188,M04,A,OP002,480,413,40,519,473,Changeover,26.53,2.69
2025-07-12,BATCH0153,M04,B,OP004,480,405,60,552,550,Power Failure,31.35,2.99
2025-07-12,BATCH0157,M04,C,OP001,480,459,60,430,420,Power Failure,34.03,1.64
2025-07-12,BATCH0186,M05,A,OP007,480,465,40,554,522,Power Failure,25.74,2.93
2025-07-12,BATCH0160,M05,B,OP007,480,464,45,629,592,Changeover,22.08,1.11
2025-07-12,BATCH0193,M05,C,OP006,480,437,45,677,677,Machine Breakdown,30.78,1.92
2025-07-13,BATCH0180,M01,A,OP001,480,447,45,538,516,Changeover,33.61,1.84
2025-07-13,BATCH0164,M01,B,OP002,480,472,45,603,553,Power Failure,31.05,2.21
2025-07-13,BATCH0108,M01,C,OP005,480,406,60,677,633,Maintenance,22.72,2.94
2025-07-13,BATCH0147,M02,A,OP004,480,395,60,648,600,Power Failure,23.18,1.78
2025-07-13,BATCH0119,M02,B,OP010,480,448,45,416,380,Changeover,30.69,1.56
2025-07-13,BATCH0156,M02,C,OP001,480,412,45,643,608,Machine Breakdown,26.87,1.28
2025-07-13,BATCH0186,M03,A,OP003,480,445,45,652,629,Maintenance,32.68,1.09
2025-07-13,BATCH0141,M03,B,OP009,480,474,45,601,554,Power Failure,24.36,2.73
2025-07-13,BATCH0170,M03,C,OP007,480,459,40,464,442,Power Failure,23.51,1.22
2025-07-13,BATCH0108,M04,A,OP004,480,460,60,649,632,Power Failure,25.1,1.28
2025-07-13,BATCH0149,M04,B,OP005,480,446,40,442,412,Material Shortage,24.62,1.73
2025-07-13,BATCH0154,M04,C,OP005,480,459,45,556,532,Changeover,23.9,1.5
2025-07-13,BATCH0133,M05,A,OP004,480,420,60,405,378,Machine Breakdown,34.61,1.01
2025-07-13,BATCH0199,M05,B,OP004,480,444,60,599,581,Changeover,31.64,1.53
2025-07-13,BATCH0181,M05,C,OP003,480,392,45,518,488,Material Shortage,33.5,2.43
2025-07-14,BATCH0183,M01,A,OP002,480,391,45,521,497,Changeover,27.54,1.51
2025-07-14,BATCH0105,M01,B,OP006,480,414,40,451,433,Maintenance,32.56,2.27
2025-07-14,BATCH0109,M01,C,OP007,480,431,60,591,564,Machine Breakdown,22.71,1.1
2025-07-14,BATCH0102,M02,A,OP003,480,421,40,596,587,Material Shortage,22.95,1.01
2025-07-14,BATCH0187,M02,B,OP006,480,469,40,627,625,Maintenance,33.51,1.13
2025-07-14,BATCH0108,M02,C,OP005,480,423,40,684,643,Machine Breakdown,30.52,2.76
2025-07-14,BATCH0102,M03,A,OP001,480,418,60,420,381,Changeover,25.41,1.28
2025-07-14,BATCH0103,M03,B,OP008,480,396,45,544,533,Changeover,28.32,1.83
2025-07-14,BATCH0140,M03,C,OP009,480,421,40,553,513,None,31.88,2.2
2025-07-14,BATCH0178,M04,A,OP007,480,420,60,641,640,Power Failure,27.13,2.36
2025-07-14,BATCH0168,M04,B,OP006,480,436,45,560,525,Changeover,26.61,2.31
2025-07-14,BATCH0122,M04,C,OP006,480,473,45,561,553,Changeover,28.26,2.47
2025-07-14,BATCH0114,M05,A,OP005,480,420,45,677,637,None,34.94,2.39
2025-07-14,BATCH0145,M05,B,OP008,480,446,60,460,455,Machine Breakdown,32.18,1.85
2025-07-14,BATCH0188,M05,C,OP006,480,414,45,614,596,Machine Breakdown,34.49,1.75
2025-07-15,BATCH0153,M01,A,OP006,480,473,45,551,503,Machine Breakdown,31.46,1.6
2025-07-15,BATCH0148,M01,B,OP003,480,421,45,476,444,Power Failure,28,2.99
2025-07-15,BATCH0105,M01,C,OP003,480,437,40,675,628,None,23.48,2.53
2025-07-15,BATCH0114,M02,A,OP008,480,402,45,427,381,Changeover,22.37,1.64
2025-07-15,BATCH0176,M02,B,OP007,480,419,60,552,502,Material Shortage,34.46,1.98
2025-07-15,BATCH0121,M02,C,OP001,480,405,60,481,478,Changeover,24.63,1.58
2025-07-15,BATCH0110,M03,A,OP005,480,474,40,672,661,Material Shortage,22.89,1.37
2025-07-15,BATCH0159,M03,B,OP006,480,391,40,442,423,Material Shortage,31.42,1.95
2025-07-15,BATCH0164,M03,C,OP002,480,449,40,441,434,Power Failure,34.68,1.68
2025-07-15,BATCH0159,M04,A,OP010,480,428,60,467,442,Maintenance,25.69,2.86
2025-07-15,BATCH0117,M04,B,OP002,480,464,45,598,577,Changeover,28.81,2.08
2025-07-15,BATCH0133,M04,C,OP008,480,418,50,584,572,Changeover,23.9,1.24
2025-07-15,BATCH0124,M05,A,OP001,480,438,50,654,639,Power Failure,22.94,2.89
2025-07-15,BATCH0115,M05,B,OP009,480,446,50,638,608,Power Failure,31.29,2.43
2025-07-15,BATCH0122,M05,C,OP010,480,402,45,514,497,None,24.41,2.73
2025-07-16,BATCH0180,M01,A,OP008,480,441,40,534,512,Power Failure,25.49,1.78
2025-07-16,BATCH0172,M01,B,OP006,480,423,40,409,377,None,29.68,1.94
2025-07-16,BATCH0123,M01,C,OP008,480,418,40,685,679,Changeover,33.49,1.63
2025-07-16,BATCH0126,M02,A,OP007,480,458,40,517,480,Power Failure,31.52,1.44
2025-07-16,BATCH0158,M02,B,OP010,480,458,40,449,407,Power Failure,28.03,2.81
2025-07-16,BATCH0126,M02,C,OP008,480,452,50,541,508,Material Shortage,33.41,2.29
2025-07-16,BATCH0109,M03,A,OP010,480,445,60,515,487,Maintenance,29.17,1.1
2025-07-16,BATCH0194,M03,B,OP006,480,456,50,608,568,Changeover,24.79,1.32
2025-07-16,BATCH0107,M03,C,OP001,480,433,40,483,450,None,34.13,1.41
2025-07-16,BATCH0161,M04,A,OP005,480,429,45,633,587,Material Shortage,22.81,1.85
2025-07-16,BATCH0172,M04,B,OP010,480,393,60,610,573,Power Failure,28.87,2.74
2025-07-16,BATCH0116,M04,C,OP005,480,447,40,684,643,Power Failure,29.57,1.68
2025-07-16,BATCH0107,M05,A,OP009,480,473,60,511,482,Changeover,34.86,2.35
2025-07-16,BATCH0157,M05,B,OP006,480,462,60,521,499,Power Failure,25.09,2.5
2025-07-16,BATCH0144,M05,C,OP007,480,475,40,510,464,Changeover,33.92,1.08
2025-07-17,BATCH0179,M01,A,OP008,480,444,50,586,544,None,27.37,1.23
2025-07-17,BATCH0199,M01,B,OP004,480,392,60,545,495,Power Failure,24.97,1.39
2025-07-17,BATCH0125,M01,C,OP009,480,474,60,622,597,Power Failure,27.48,2.18
2025-07-17,BATCH0166,M02,A,OP003,480,393,40,470,452,Changeover,33.41,2.65
2025-07-17,BATCH0112,M02,B,OP006,480,450,50,526,504,Machine Breakdown,34.53,2.71
2025-07-17,BATCH0131,M02,C,OP005,480,475,60,633,598,Material Shortage,24.48,2.4
2025-07-17,BATCH0106,M03,A,OP007,480,475,45,433,428,None,29.15,1.19
2025-07-17,BATCH0128,M03,B,OP006,480,440,60,669,621,Material Shortage,24.52,2.4
2025-07-17,BATCH0188,M03,C,OP005,480,417,50,685,642,Maintenance,23.4,2.39
2025-07-17,BATCH0134,M04,A,OP005,480,419,50,408,362,Changeover,27.71,2.18
2025-07-17,BATCH0125,M04,B,OP005,480,465,45,544,498,Power Failure,32.28,2.62
2025-07-17,BATCH0149,M04,C,OP002,480,464,50,616,591,None,25.54,1.53
2025-07-17,BATCH0108,M05,A,OP003,480,403,45,636,614,Changeover,24.69,2.53
2025-07-17,BATCH0129,M05,B,OP004,480,468,60,700,685,Material Shortage,22.86,2.53
2025-07-17,BATCH0109,M05,C,OP001,480,457,45,646,630,Power Failure,27.62,2.52
2025-07-18,BATCH0110,M01,A,OP007,480,443,45,407,373,Changeover,24.85,1.85
2025-07-18,BATCH0134,M01,B,OP008,480,432,45,559,514,Power Failure,34.97,2.98
2025-07-18,BATCH0163,M01,C,OP010,480,420,60,454,437,Power Failure,30.78,1.36
2025-07-18,BATCH0181,M02,A,OP002,480,421,60,539,512,Changeover,24.12,2.16
2025-07-18,BATCH0134,M02,B,OP007,480,393,60,602,599,Material Shortage,23.03,1.09
2025-07-18,BATCH0141,M02,C,OP004,480,463,40,684,662,Changeover,32.04,1.89
2025-07-18,BATCH0104,M03,A,OP005,480,449,40,586,584,Material Shortage,23.28,1.68
2025-07-18,BATCH0101,M03,B,OP005,480,411,40,507,473,None,33.6,1.74
2025-07-18,BATCH0183,M03,C,OP008,480,461,45,573,568,Changeover,31.92,1.97
2025-07-18,BATCH0189,M04,A,OP007,480,452,60,432,409,Changeover,29.43,2.43
2025-07-18,BATCH0172,M04,B,OP010,480,420,40,524,522,Maintenance,31.47,1.41
2025-07-18,BATCH0181,M04,C,OP009,480,450,45,695,692,Maintenance,24.76,1.02
2025-07-18,BATCH0164,M05,A,OP009,480,438,40,614,570,Maintenance,28.79,1.59
2025-07-18,BATCH0193,M05,B,OP006,480,412,40,622,598,Changeover,27.96,2.98
2025-07-18,BATCH0191,M05,C,OP003,480,425,40,685,675,Changeover,31.35,2.16
2025-07-19,BATCH0154,M01,A,OP002,480,444,50,549,534,Changeover,30.32,2.36
2025-07-19,BATCH0148,M01,B,OP002,480,458,50,554,551,Machine Breakdown,24.28,2.62
2025-07-19,BATCH0166,M01,C,OP007,480,413,45,583,545,Maintenance,34.02,1.34
2025-07-19,BATCH0159,M02,A,OP004,480,470,45,494,462,Power Failure,27.33,1.69
2025-07-19,BATCH0170,M02,B,OP010,480,419,50,462,446,Changeover,34.67,2.64
2025-07-19,BATCH0104,M02,C,OP004,480,406,40,667,624,Maintenance,23.42,1.08
2025-07-19,BATCH0177,M03,A,OP006,480,459,40,651,620,None,33.05,2.89
2025-07-19,BATCH0184,M03,B,OP010,480,418,40,475,450,Changeover,30.49,2.43
2025-07-19,BATCH0162,M03,C,OP004,480,431,50,470,427,Maintenance,23.18,2.52
2025-07-19,BATCH0110,M04,A,OP005,480,455,50,684,674,Changeover,29.92,2.56
2025-07-19,BATCH0168,M04,B,OP004,480,400,50,426,420,Material Shortage,30.58,3
2025-07-19,BATCH0109,M04,C,OP009,480,404,40,565,561,Material Shortage,24.03,1.15
2025-07-19,BATCH0122,M05,A,OP010,480,468,40,523,480,Changeover,28.64,1.93
2025-07-19,BATCH0147,M05,B,OP004,480,461,50,618,593,Machine Breakdown,28.71,2.46
2025-07-19,BATCH0135,M05,C,OP006,480,427,40,496,495,Material Shortage,31.82,2.68
2025-07-20,BATCH0189,M01,A,OP004,480,392,40,537,489,Machine Breakdown,29.16,2.44
2025-07-20,BATCH0114,M01,B,OP010,480,399,60,638,616,Material Shortage,29.45,2.79
2025-07-20,BATCH0195,M01,C,OP009,480,446,50,598,566,Changeover,27.8,2.47
2025-07-20,BATCH0105,M02,A,OP006,480,440,40,625,606,Machine Breakdown,22.7,2.69
2025-07-20,BATCH0161,M02,B,OP004,480,448,60,585,569,Material Shortage,31.75,2.33
2025-07-20,BATCH0143,M02,C,OP009,480,409,60,601,587,Material Shortage,24.74,1.61
2025-07-20,BATCH0146,M03,A,OP003,480,411,40,469,429,None,24.4,2.98
2025-07-20,BATCH0192,M03,B,OP009,480,439,40,447,406,Changeover,33.35,2.34
2025-07-20,BATCH0109,M03,C,OP002,480,452,45,491,476,Material Shortage,26.02,2.61
2025-07-20,BATCH0100,M04,A,OP001,480,424,45,509,497,Material Shortage,30.22,1.25
2025-07-20,BATCH0140,M04,B,OP009,480,426,50,684,652,Power Failure,27.51,2.88
2025-07-20,BATCH0193,M04,C,OP006,480,394,45,678,642,Changeover,22.56,2.54
2025-07-20,BATCH0170,M05,A,OP002,480,451,40,601,597,Changeover,24.24,1.58
2025-07-20,BATCH0124,M05,B,OP005,480,400,45,432,382,Changeover,25.92,2.76
2025-07-20,BATCH0184,M05,C,OP010,480,416,45,547,533,Maintenance,31.91,2.32
2025-07-21,BATCH0188,M01,A,OP001,480,411,50,490,447,Changeover,28.39,2.08
2025-07-21,BATCH0105,M01,B,OP005,480,468,40,464,421,Changeover,29.3,1.8
2025-07-21,BATCH0166,M01,C,OP003,480,405,50,487,440,Power Failure,26.25,1.03
2025-07-21,BATCH0169,M02,A,OP006,480,403,45,664,614,Material Shortage,25.28,1.71
2025-07-21,BATCH0181,M02,B,OP001,480,400,50,586,538,Changeover,32.54,1
2025-07-21,BATCH0116,M02,C,OP001,480,399,60,517,503,Material Shortage,31.99,1.68
2025-07-21,BATCH0152,M03,A,OP008,480,470,40,447,439,Maintenance,22.82,2.6
2025-07-21,BATCH0148,M03,B,OP009,480,473,60,587,548,Power Failure,33.05,1.22
2025-07-21,BATCH0144,M03,C,OP009,480,406,40,577,574,Power Failure,25.27,1.17
2025-07-21,BATCH0101,M04,A,OP005,480,392,60,442,402,Machine Breakdown,32.26,1.04
2025-07-21,BATCH0102,M04,B,OP004,480,418,50,510,487,None,31.36,2.62
2025-07-21,BATCH0148,M04,C,OP007,480,463,50,545,531,Machine Breakdown,27.78,2.03
2025-07-21,BATCH0130,M05,A,OP010,480,439,45,605,603,Machine Breakdown,34.73,2.75
2025-07-21,BATCH0173,M05,B,OP002,480,414,50,449,443,Material Shortage,24.4,1.49
2025-07-21,BATCH0170,M05,C,OP002,480,467,50,464,456,Power Failure,28.75,2.83
2025-07-22,BATCH0199,M01,A,OP005,480,455,40,657,616,None,25.25,2.71
2025-07-22,BATCH0172,M01,B,OP010,480,432,45,603,584,Maintenance,25.25,1.58
2025-07-22,BATCH0193,M01,C,OP004,480,413,45,549,538,Material Shortage,31.23,2.38
2025-07-22,BATCH0198,M02,A,OP005,480,441,60,569,552,None,23.15,1.8
2025-07-22,BATCH0128,M02,B,OP008,480,457,50,462,458,Power Failure,28.34,2.42
2025-07-22,BATCH0105,M02,C,OP005,480,406,50,423,388,Machine Breakdown,25.4,2.67
2025-07-22,BATCH0167,M03,A,OP004,480,406,50,698,669,Maintenance,32.49,2.78
2025-07-22,BATCH0131,M03,B,OP001,480,431,50,598,578,Power Failure,26.57,2.83
2025-07-22,BATCH0199,M03,C,OP006,480,471,40,464,438,Maintenance,29.39,1.12
2025-07-22,BATCH0113,M04,A,OP010,480,438,45,470,452,Machine Breakdown,26.63,2.25
2025-07-22,BATCH0123,M04,B,OP006,480,396,45,553,507,Power Failure,28.41,1.06
2025-07-22,BATCH0111,M04,C,OP001,480,429,40,521,496,Changeover,24.41,2.3
2025-07-22,BATCH0106,M05,A,OP008,480,459,50,553,545,Changeover,28.47,1.83
2025-07-22,BATCH0141,M05,B,OP001,480,399,45,669,647,Changeover,29.97,1.31
2025-07-22,BATCH0170,M05,C,OP008,480,432,50,407,367,Machine Breakdown,33.74,1.84
2025-07-23,BATCH0162,M01,A,OP009,480,437,40,492,462,Changeover,28.85,1.03
2025-07-23,BATCH0176,M01,B,OP008,480,430,45,474,430,Maintenance,29.55,1.36
2025-07-23,BATCH0196,M01,C,OP009,480,398,40,469,423,Changeover,22.05,2.4
2025-07-23,BATCH0188,M02,A,OP008,480,439,60,458,447,Power Failure,31.28,2.81
2025-07-23,BATCH0117,M02,B,OP004,480,428,60,583,557,Material Shortage,23.64,1.95
2025-07-23,BATCH0118,M02,C,OP003,480,447,40,524,519,Material Shortage,34.76,2.77
2025-07-23,BATCH0142,M03,A,OP007,480,456,45,612,589,Changeover,32.99,2.73
2025-07-23,BATCH0170,M03,B,OP001,480,442,40,411,395,Power Failure,33.29,2.92
2025-07-23,BATCH0106,M03,C,OP007,480,448,60,621,615,Maintenance,34.05,2.92
2025-07-23,BATCH0115,M04,A,OP002,480,472,45,492,454,Power Failure,30.24,2.13
2025-07-23,BATCH0144,M04,B,OP010,480,440,45,618,597,Power Failure,23.51,2.02
2025-07-23,BATCH0114,M04,C,OP004,480,430,40,494,473,Material Shortage,32.41,2.16
2025-07-23,BATCH0165,M05,A,OP005,480,428,40,673,651,Machine Breakdown,30.31,2.77
2025-07-23,BATCH0130,M05,B,OP004,480,424,45,445,411,Machine Breakdown,25.47,1.81
2025-07-23,BATCH0119,M05,C,OP009,480,407,50,518,475,Power Failure,30.54,1.19
2025-07-24,BATCH0135,M01,A,OP003,480,440,60,615,597,Material Shortage,31.7,1.05
2025-07-24,BATCH0178,M01,B,OP009,480,439,40,640,610,Machine Breakdown,32.62,2.2
2025-07-24,BATCH0191,M01,C,OP004,480,450,50,544,523,Power Failure,26.78,1.79
2025-07-24,BATCH0156,M02,A,OP001,480,451,40,552,544,Changeover,28.51,1.54
2025-07-24,BATCH0138,M02,B,OP010,480,458,40,651,645,Changeover,23.87,1.95
2025-07-24,BATCH0173,M02,C,OP006,480,399,40,432,394,Power Failure,30.87,1.38
2025-07-24,BATCH0150,M03,A,OP008,480,468,40,688,666,Power Failure,25.82,1.97
2025-07-24,BATCH0159,M03,B,OP009,480,447,40,662,617,Machine Breakdown,29.88,1.99
2025-07-24,BATCH0181,M03,C,OP005,480,438,40,597,552,Maintenance,23.25,1.17
2025-07-24,BATCH0130,M04,A,OP006,480,459,40,421,400,Power Failure,24.1,2.68
2025-07-24,BATCH0170,M04,B,OP001,480,456,45,403,354,Changeover,24.29,1.78
2025-07-24,BATCH0102,M04,C,OP004,480,402,40,453,426,Material Shortage,32.21,2.17
2025-07-24,BATCH0173,M05,A,OP007,480,463,60,421,376,Power Failure,28.58,2.07
2025-07-24,BATCH0179,M05,B,OP007,480,466,40,429,404,Power Failure,29.49,1.59
2025-07-24,BATCH0144,M05,C,OP003,480,450,60,565,553,None,26.51,2.62
2025-07-25,BATCH0173,M01,A,OP001,480,469,60,573,569,Power Failure,23.37,2.82
2025-07-25,BATCH0155,M01,B,OP010,480,421,50,638,630,Changeover,22.66,2.42
2025-07-25,BATCH0185,M01,C,OP004,480,441,40,509,466,Power Failure,32.34,1.36
2025-07-25,BATCH0116,M02,A,OP005,480,391,40,619,580,Machine Breakdown,28.7,1.78
2025-07-25,BATCH0164,M02,B,OP003,480,394,60,493,460,Power Failure,33.21,1.41
2025-07-25,BATCH0144,M02,C,OP002,480,418,60,639,630,None,27.82,1.19
2025-07-25,BATCH0114,M03,A,OP002,480,469,40,535,523,Changeover,24.97,1.2
2025-07-25,BATCH0109,M03,B,OP003,480,472,60,406,390,Changeover,27.02,2.45
2025-07-25,BATCH0120,M03,C,OP004,480,456,50,418,374,Changeover,30.9,2.18
2025-07-25,BATCH0105,M04,A,OP004,480,467,60,583,569,Changeover,28.06,2.95
2025-07-25,BATCH0139,M04,B,OP001,480,475,40,631,604,Changeover,24.29,1.1
2025-07-25,BATCH0194,M04,C,OP010,480,473,60,405,383,Machine Breakdown,27.46,1.3
2025-07-25,BATCH0128,M05,A,OP004,480,441,60,627,592,Material Shortage,34.64,1.73
2025-07-25,BATCH0113,M05,B,OP008,480,403,50,606,562,Changeover,34.08,1.04
2025-07-25,BATCH0154,M05,C,OP002,480,451,45,506,469,Material Shortage,31.59,1.16
2025-07-26,BATCH0174,M01,A,OP006,480,417,40,700,693,Changeover,31.5,2.27
2025-07-26,BATCH0170,M01,B,OP007,480,402,50,489,474,Power Failure,30.38,1.85
2025-07-26,BATCH0184,M01,C,OP010,480,456,60,462,454,Material Shortage,25.12,1.47
2025-07-26,BATCH0182,M02,A,OP006,480,460,45,472,445,None,23.63,1.26
2025-07-26,BATCH0116,M02,B,OP002,480,418,45,507,474,Machine Breakdown,31.77,2.7
2025-07-26,BATCH0150,M02,C,OP009,480,461,45,659,632,Material Shortage,32.21,1.51
2025-07-26,BATCH0165,M03,A,OP001,480,436,40,460,436,None,34.57,1.42
2025-07-26,BATCH0152,M03,B,OP009,480,473,45,538,512,Changeover,29.86,2.27
2025-07-26,BATCH0167,M03,C,OP006,480,454,50,401,368,Maintenance,32.86,2.06
2025-07-26,BATCH0164,M04,A,OP003,480,446,40,515,477,Changeover,34.82,2.17
2025-07-26,BATCH0112,M04,B,OP006,480,393,60,666,627,None,22.89,2.01
2025-07-26,BATCH0178,M04,C,OP002,480,416,40,629,580,Machine Breakdown,26.76,2.39
2025-07-26,BATCH0153,M05,A,OP008,480,446,45,497,487,Machine Breakdown,34.87,1.3
2025-07-26,BATCH0191,M05,B,OP002,480,448,60,570,538,Maintenance,25.81,2.57
2025-07-26,BATCH0151,M05,C,OP002,480,404,40,643,603,Power Failure,28.09,1.48
2025-07-27,BATCH0182,M01,A,OP010,480,463,60,444,435,Machine Breakdown,22.14,2.56
2025-07-27,BATCH0160,M01,B,OP007,480,410,50,676,674,Changeover,32.14,1.53
2025-07-27,BATCH0151,M01,C,OP004,480,465,40,693,670,Changeover,32.4,2.06
2025-07-27,BATCH0137,M02,A,OP007,480,448,60,609,605,Material Shortage,28.01,2.72
2025-07-27,BATCH0132,M02,B,OP010,480,462,40,506,460,Maintenance,33.11,1.79
2025-07-27,BATCH0176,M02,C,OP008,480,449,40,503,481,Maintenance,34.05,2.9
2025-07-27,BATCH0100,M03,A,OP008,480,443,45,521,491,Power Failure,33.74,2.91
2025-07-27,BATCH0143,M03,B,OP004,480,391,40,459,448,Power Failure,27.26,2.98
2025-07-27,BATCH0129,M03,C,OP002,480,427,45,478,473,Material Shortage,28.66,1.97
2025-07-27,BATCH0129,M04,A,OP001,480,421,45,465,460,Changeover,23.29,1.18
2025-07-27,BATCH0183,M04,B,OP004,480,424,40,446,428,Maintenance,34.09,1.31
2025-07-27,BATCH0160,M04,C,OP003,480,394,60,529,490,Machine Breakdown,34.58,1.08
2025-07-27,BATCH0184,M05,A,OP006,480,474,40,490,485,None,26.92,2.15
2025-07-27,BATCH0138,M05,B,OP009,480,438,40,628,580,Maintenance,22.23,1.34
2025-07-27,BATCH0146,M05,C,OP010,480,422,40,448,438,None,22.93,1.61
2025-07-28,BATCH0132,M01,A,OP005,480,411,50,432,420,Power Failure,33.75,1.52
2025-07-28,BATCH0120,M01,B,OP005,480,452,40,576,545,Power Failure,22.45,2.69
2025-07-28,BATCH0146,M01,C,OP008,480,409,40,412,393,Material Shortage,31.05,2.9
2025-07-28,BATCH0160,M02,A,OP002,480,447,40,670,658,Changeover,22.68,2.3
2025-07-28,BATCH0127,M02,B,OP001,480,456,40,597,593,Power Failure,24.64,1.47
2025-07-28,BATCH0102,M02,C,OP004,480,433,45,501,452,Machine Breakdown,27,2.72
2025-07-28,BATCH0162,M03,A,OP002,480,451,45,553,534,Power Failure,23.98,1.65
2025-07-28,BATCH0105,M03,B,OP005,480,398,50,649,630,Changeover,31.21,1.75
2025-07-28,BATCH0136,M03,C,OP001,480,429,45,562,555,Changeover,22.95,2.61
2025-07-28,BATCH0104,M04,A,OP010,480,450,50,597,585,Changeover,27.75,1.56
2025-07-28,BATCH0169,M04,B,OP010,480,427,45,409,361,Changeover,34.91,1.35
2025-07-28,BATCH0138,M04,C,OP002,480,425,40,426,414,Material Shortage,26.13,2.84
2025-07-28,BATCH0101,M05,A,OP001,480,427,60,678,661,None,25.26,1.89
2025-07-28,BATCH0115,M05,B,OP002,480,455,50,674,637,Power Failure,34.2,2.09
2025-07-28,BATCH0138,M05,C,OP005,480,466,50,644,638,Power Failure,34.3,2.29
2025-07-29,BATCH0162,M01,A,OP005,480,403,50,596,587,Material Shortage,27.22,1.98
2025-07-29,BATCH0159,M01,B,OP002,480,412,50,694,659,Machine Breakdown,31.12,2.67
2025-07-29,BATCH0103,M01,C,OP009,480,439,50,541,522,Power Failure,32.97,2.03
2025-07-29,BATCH0116,M02,A,OP004,480,393,45,457,408,Maintenance,34.44,1.43
2025-07-29,BATCH0104,M02,B,OP001,480,444,60,684,647,Material Shortage,29.83,1.39
2025-07-29,BATCH0196,M02,C,OP008,480,391,60,580,555,Power Failure,28.26,2.18
2025-07-29,BATCH0194,M03,A,OP009,480,436,50,584,554,None,28.4,1.78
2025-07-29,BATCH0108,M03,B,OP010,480,393,40,627,596,Changeover,30.62,1.67
2025-07-29,BATCH0162,M03,C,OP007,480,410,40,545,517,Changeover,28.97,2.32
2025-07-29,BATCH0164,M04,A,OP006,480,469,45,409,384,Material Shortage,33.63,1.02
2025-07-29,BATCH0156,M04,B,OP002,480,391,50,593,560,None,27.14,1.96
2025-07-29,BATCH0150,M04,C,OP001,480,423,50,684,637,None,32.63,1.6
2025-07-29,BATCH0113,M05,A,OP004,480,447,50,582,544,Material Shortage,23.16,2.09
2025-07-29,BATCH0133,M05,B,OP003,480,456,60,556,546,Machine Breakdown,26.06,2.88
2025-07-29,BATCH0161,M05,C,OP010,480,403,50,612,605,Machine Breakdown,30.5,1.84
2025-07-30,BATCH0114,M01,A,OP010,480,399,40,495,472,Changeover,22.91,1.51
2025-07-30,BATCH0131,M01,B,OP006,480,415,60,502,494,Power Failure,31.62,1.88
2025-07-30,BATCH0146,M01,C,OP007,480,431,60,565,524,None,33.99,2.8
2025-07-30,BATCH0142,M02,A,OP002,480,457,60,546,524,Changeover,22.75,1.59
2025-07-30,BATCH0144,M02,B,OP005,480,454,60,637,599,None,28.29,1.86
2025-07-30,BATCH0128,M02,C,OP003,480,395,50,692,686,Machine Breakdown,24.19,2.76
2025-07-30,BATCH0196,M03,A,OP008,480,456,40,421,419,Machine Breakdown,34.24,1.75
2025-07-30,BATCH0172,M03,B,OP003,480,447,45,646,617,Machine Breakdown,30.89,2.67
2025-07-30,BATCH0178,M03,C,OP001,480,449,40,537,492,Power Failure,27.66,2.66
2025-07-30,BATCH0168,M04,A,OP004,480,429,60,482,455,Maintenance,31.37,1.71
2025-07-30,BATCH0126,M04,B,OP005,480,390,50,600,559,Power Failure,32.49,2.36
2025-07-30,BATCH0124,M04,C,OP007,480,412,45,597,562,None,25.85,2.99
2025-07-30,BATCH0123,M05,A,OP006,480,418,50,584,576,Machine Breakdown,23.02,2.19
2025-07-30,BATCH0102,M05,B,OP004,480,461,40,698,678,Power Failure,26.48,1.34
2025-07-30,BATCH0161,M05,C,OP002,480,422,50,609,583,None,23.75,2.78
